line_item,period,value,ticker,analog_year
Tax Effect Of Unusual Items,2024-12-31 00:00:00,-35340000.0,AMD,2021
Tax Rate For Calcs,2024-12-31 00:00:00,0.19,AMD,2021
Normalized EBITDA,2024-12-31 00:00:00,5444000000.0,AMD,2021
Total Unusual Items,2024-12-31 00:00:00,-186000000.0,AMD,2021
Total Unusual Items Excluding Goodwill,2024-12-31 00:00:00,-186000000.0,AMD,2021
Net Income From Continuing Operation Net Minority Interest,2024-12-31 00:00:00,1641000000.0,AMD,2021
Reconciled Depreciation,2024-12-31 00:00:00,3177000000.0,AMD,2021
Reconciled Cost Of Revenue,2024-12-31 00:00:00,11331000000.0,AMD,2021
EBITDA,2024-12-31 00:00:00,5258000000.0,AMD,2021
EBIT,2024-12-31 00:00:00,2081000000.0,AMD,2021
Net Interest Income,2024-12-31 00:00:00,90000000.0,AMD,2021
Interest Expense,2024-12-31 00:00:00,92000000.0,AMD,2021
Interest Income,2024-12-31 00:00:00,182000000.0,AMD,2021
Normalized Income,2024-12-31 00:00:00,1791660000.0,AMD,2021
Net Income From Continuing And Discontinued Operation,2024-12-31 00:00:00,1641000000.0,AMD,2021
Total Expenses,2024-12-31 00:00:00,23699000000.0,AMD,2021
Total Operating Income As Reported,2024-12-31 00:00:00,1900000000.0,AMD,2021
Diluted Average Shares,2024-12-31 00:00:00,1637000000.0,AMD,2021
Basic Average Shares,2024-12-31 00:00:00,1620000000.0,AMD,2021
Diluted EPS,2024-12-31 00:00:00,1.0,AMD,2021
Basic EPS,2024-12-31 00:00:00,1.01,AMD,2021
Diluted NI Availto Com Stockholders,2024-12-31 00:00:00,1641000000.0,AMD,2021
Average Dilution Earnings,2024-12-31 00:00:00,,AMD,2021
Net Income Common Stockholders,2024-12-31 00:00:00,1641000000.0,AMD,2021
Net Income,2024-12-31 00:00:00,1641000000.0,AMD,2021
Net Income Including Noncontrolling Interests,2024-12-31 00:00:00,1641000000.0,AMD,2021
Net Income Continuous Operations,2024-12-31 00:00:00,1641000000.0,AMD,2021
Earnings From Equity Interest Net Of Tax,2024-12-31 00:00:00,33000000.0,AMD,2021
Tax Provision,2024-12-31 00:00:00,381000000.0,AMD,2021
Pretax Income,2024-12-31 00:00:00,1989000000.0,AMD,2021
Other Income Expense,2024-12-31 00:00:00,-187000000.0,AMD,2021
Other Non Operating Income Expenses,2024-12-31 00:00:00,-3000000.0,AMD,2021
Special Income Charges,2024-12-31 00:00:00,-186000000.0,AMD,2021
Other Special Charges,2024-12-31 00:00:00,,AMD,2021
Restructuring And Mergern Acquisition,2024-12-31 00:00:00,186000000.0,AMD,2021
Earnings From Equity Interest,2024-12-31 00:00:00,2000000.0,AMD,2021
Net Non Operating Interest Income Expense,2024-12-31 00:00:00,90000000.0,AMD,2021
Interest Expense Non Operating,2024-12-31 00:00:00,92000000.0,AMD,2021
Interest Income Non Operating,2024-12-31 00:00:00,182000000.0,AMD,2021
Operating Income,2024-12-31 00:00:00,2086000000.0,AMD,2021
Operating Expense,2024-12-31 00:00:00,10639000000.0,AMD,2021
Other Operating Expenses,2024-12-31 00:00:00,-48000000.0,AMD,2021
Depreciation Amortization Depletion Income Statement,2024-12-31 00:00:00,1448000000.0,AMD,2021
Depreciation And Amortization In Income Statement,2024-12-31 00:00:00,1448000000.0,AMD,2021
Amortization,2024-12-31 00:00:00,1448000000.0,AMD,2021
Amortization Of Intangibles Income Statement,2024-12-31 00:00:00,1448000000.0,AMD,2021
Research And Development,2024-12-31 00:00:00,6456000000.0,AMD,2021
Selling General And Administration,2024-12-31 00:00:00,2783000000.0,AMD,2021
Gross Profit,2024-12-31 00:00:00,12725000000.0,AMD,2021
Cost Of Revenue,2024-12-31 00:00:00,13060000000.0,AMD,2021
Total Revenue,2024-12-31 00:00:00,25785000000.0,AMD,2021
Operating Revenue,2024-12-31 00:00:00,25785000000.0,AMD,2021
Tax Effect Of Unusual Items,2023-12-31 00:00:00,0.0,AMD,2021
Tax Rate For Calcs,2023-12-31 00:00:00,0.21,AMD,2021
Normalized EBITDA,2023-12-31 00:00:00,4149000000.0,AMD,2021
Total Unusual Items,2023-12-31 00:00:00,0.0,AMD,2021
Total Unusual Items Excluding Goodwill,2023-12-31 00:00:00,0.0,AMD,2021
Net Income From Continuing Operation Net Minority Interest,2023-12-31 00:00:00,854000000.0,AMD,2021
Reconciled Depreciation,2023-12-31 00:00:00,3551000000.0,AMD,2021
Reconciled Cost Of Revenue,2023-12-31 00:00:00,10538000000.0,AMD,2021
EBITDA,2023-12-31 00:00:00,4149000000.0,AMD,2021
EBIT,2023-12-31 00:00:00,598000000.0,AMD,2021
Net Interest Income,2023-12-31 00:00:00,100000000.0,AMD,2021
Interest Expense,2023-12-31 00:00:00,106000000.0,AMD,2021
Interest Income,2023-12-31 00:00:00,206000000.0,AMD,2021
Normalized Income,2023-12-31 00:00:00,854000000.0,AMD,2021
Net Income From Continuing And Discontinued Operation,2023-12-31 00:00:00,854000000.0,AMD,2021
Total Expenses,2023-12-31 00:00:00,22279000000.0,AMD,2021
Total Operating Income As Reported,2023-12-31 00:00:00,401000000.0,AMD,2021
Diluted Average Shares,2023-12-31 00:00:00,1625000000.0,AMD,2021
Basic Average Shares,2023-12-31 00:00:00,1614000000.0,AMD,2021
Diluted EPS,2023-12-31 00:00:00,0.53,AMD,2021
Basic EPS,2023-12-31 00:00:00,0.53,AMD,2021
Diluted NI Availto Com Stockholders,2023-12-31 00:00:00,854000000.0,AMD,2021
Average Dilution Earnings,2023-12-31 00:00:00,,AMD,2021
Net Income Common Stockholders,2023-12-31 00:00:00,854000000.0,AMD,2021
Net Income,2023-12-31 00:00:00,854000000.0,AMD,2021
Net Income Including Noncontrolling Interests,2023-12-31 00:00:00,854000000.0,AMD,2021
Net Income Continuous Operations,2023-12-31 00:00:00,854000000.0,AMD,2021
Earnings From Equity Interest Net Of Tax,2023-12-31 00:00:00,16000000.0,AMD,2021
Tax Provision,2023-12-31 00:00:00,-346000000.0,AMD,2021
Pretax Income,2023-12-31 00:00:00,492000000.0,AMD,2021
Other Income Expense,2023-12-31 00:00:00,-9000000.0,AMD,2021
Other Non Operating Income Expenses,2023-12-31 00:00:00,-8000000.0,AMD,2021
Special Income Charges,2023-12-31 00:00:00,0.0,AMD,2021
Other Special Charges,2023-12-31 00:00:00,,AMD,2021
Restructuring And Mergern Acquisition,2023-12-31 00:00:00,0.0,AMD,2021
Earnings From Equity Interest,2023-12-31 00:00:00,-1000000.0,AMD,2021
Net Non Operating Interest Income Expense,2023-12-31 00:00:00,100000000.0,AMD,2021
Interest Expense Non Operating,2023-12-31 00:00:00,106000000.0,AMD,2021
Interest Income Non Operating,2023-12-31 00:00:00,206000000.0,AMD,2021
Operating Income,2023-12-31 00:00:00,401000000.0,AMD,2021
Operating Expense,2023-12-31 00:00:00,10059000000.0,AMD,2021
Other Operating Expenses,2023-12-31 00:00:00,-34000000.0,AMD,2021
Depreciation Amortization Depletion Income Statement,2023-12-31 00:00:00,1869000000.0,AMD,2021
Depreciation And Amortization In Income Statement,2023-12-31 00:00:00,1869000000.0,AMD,2021
Amortization,2023-12-31 00:00:00,1869000000.0,AMD,2021
Amortization Of Intangibles Income Statement,2023-12-31 00:00:00,1869000000.0,AMD,2021
Research And Development,2023-12-31 00:00:00,5872000000.0,AMD,2021
Selling General And Administration,2023-12-31 00:00:00,2352000000.0,AMD,2021
Gross Profit,2023-12-31 00:00:00,10460000000.0,AMD,2021
Cost Of Revenue,2023-12-31 00:00:00,12220000000.0,AMD,2021
Total Revenue,2023-12-31 00:00:00,22680000000.0,AMD,2021
Operating Revenue,2023-12-31 00:00:00,22680000000.0,AMD,2021
Tax Effect Of Unusual Items,2022-12-31 00:00:00,0.0,AMD,2021
Tax Rate For Calcs,2022-12-31 00:00:00,0.21,AMD,2021
Normalized EBITDA,2022-12-31 00:00:00,5534000000.0,AMD,2021
Total Unusual Items,2022-12-31 00:00:00,0.0,AMD,2021
Total Unusual Items Excluding Goodwill,2022-12-31 00:00:00,0.0,AMD,2021
Net Income From Continuing Operation Net Minority Interest,2022-12-31 00:00:00,1320000000.0,AMD,2021
Reconciled Depreciation,2022-12-31 00:00:00,4262000000.0,AMD,2021
Reconciled Cost Of Revenue,2022-12-31 00:00:00,10836000000.0,AMD,2021
EBITDA,2022-12-31 00:00:00,5534000000.0,AMD,2021
EBIT,2022-12-31 00:00:00,1272000000.0,AMD,2021
Net Interest Income,2022-12-31 00:00:00,-23000000.0,AMD,2021
Interest Expense,2022-12-31 00:00:00,88000000.0,AMD,2021
Interest Income,2022-12-31 00:00:00,65000000.0,AMD,2021
Normalized Income,2022-12-31 00:00:00,1320000000.0,AMD,2021
Net Income From Continuing And Discontinued Operation,2022-12-31 00:00:00,1320000000.0,AMD,2021
Total Expenses,2022-12-31 00:00:00,22337000000.0,AMD,2021
Total Operating Income As Reported,2022-12-31 00:00:00,1264000000.0,AMD,2021
Diluted Average Shares,2022-12-31 00:00:00,1571000000.0,AMD,2021
Basic Average Shares,2022-12-31 00:00:00,1561000000.0,AMD,2021
Diluted EPS,2022-12-31 00:00:00,0.84,AMD,2021
Basic EPS,2022-12-31 00:00:00,0.85,AMD,2021
Diluted NI Availto Com Stockholders,2022-12-31 00:00:00,1320000000.0,AMD,2021
Average Dilution Earnings,2022-12-31 00:00:00,0.0,AMD,2021
Net Income Common Stockholders,2022-12-31 00:00:00,1320000000.0,AMD,2021
Net Income,2022-12-31 00:00:00,1320000000.0,AMD,2021
Net Income Including Noncontrolling Interests,2022-12-31 00:00:00,1320000000.0,AMD,2021
Net Income Continuous Operations,2022-12-31 00:00:00,1320000000.0,AMD,2021
Earnings From Equity Interest Net Of Tax,2022-12-31 00:00:00,14000000.0,AMD,2021
Tax Provision,2022-12-31 00:00:00,-122000000.0,AMD,2021
Pretax Income,2022-12-31 00:00:00,1184000000.0,AMD,2021
Other Income Expense,2022-12-31 00:00:00,-57000000.0,AMD,2021
Other Non Operating Income Expenses,2022-12-31 00:00:00,5000000.0,AMD,2021
Special Income Charges,2022-12-31 00:00:00,0.0,AMD,2021
Other Special Charges,2022-12-31 00:00:00,,AMD,2021
Restructuring And Mergern Acquisition,2022-12-31 00:00:00,0.0,AMD,2021
Earnings From Equity Interest,2022-12-31 00:00:00,-62000000.0,AMD,2021
Net Non Operating Interest Income Expense,2022-12-31 00:00:00,-23000000.0,AMD,2021
Interest Expense Non Operating,2022-12-31 00:00:00,88000000.0,AMD,2021
Interest Income Non Operating,2022-12-31 00:00:00,65000000.0,AMD,2021
Operating Income,2022-12-31 00:00:00,1264000000.0,AMD,2021
Operating Expense,2022-12-31 00:00:00,9339000000.0,AMD,2021
Other Operating Expenses,2022-12-31 00:00:00,-102000000.0,AMD,2021
Depreciation Amortization Depletion Income Statement,2022-12-31 00:00:00,2100000000.0,AMD,2021
Depreciation And Amortization In Income Statement,2022-12-31 00:00:00,2100000000.0,AMD,2021
Amortization,2022-12-31 00:00:00,2100000000.0,AMD,2021
Amortization Of Intangibles Income Statement,2022-12-31 00:00:00,2100000000.0,AMD,2021
Research And Development,2022-12-31 00:00:00,5005000000.0,AMD,2021
Selling General And Administration,2022-12-31 00:00:00,2336000000.0,AMD,2021
Gross Profit,2022-12-31 00:00:00,10603000000.0,AMD,2021
Cost Of Revenue,2022-12-31 00:00:00,12998000000.0,AMD,2021
Total Revenue,2022-12-31 00:00:00,23601000000.0,AMD,2021
Operating Revenue,2022-12-31 00:00:00,23601000000.0,AMD,2021
Tax Effect Of Unusual Items,2021-12-31 00:00:00,-978740.801308,AMD,2021
Tax Rate For Calcs,2021-12-31 00:00:00,0.13982,AMD,2021
Normalized EBITDA,2021-12-31 00:00:00,4173000000.0,AMD,2021
Total Unusual Items,2021-12-31 00:00:00,-7000000.0,AMD,2021
Total Unusual Items Excluding Goodwill,2021-12-31 00:00:00,-7000000.0,AMD,2021
Net Income From Continuing Operation Net Minority Interest,2021-12-31 00:00:00,3162000000.0,AMD,2021
Reconciled Depreciation,2021-12-31 00:00:00,463000000.0,AMD,2021
Reconciled Cost Of Revenue,2021-12-31 00:00:00,8042000000.0,AMD,2021
EBITDA,2021-12-31 00:00:00,4166000000.0,AMD,2021
EBIT,2021-12-31 00:00:00,3703000000.0,AMD,2021
Net Interest Income,2021-12-31 00:00:00,-26000000.0,AMD,2021
Interest Expense,2021-12-31 00:00:00,34000000.0,AMD,2021
Interest Income,2021-12-31 00:00:00,8000000.0,AMD,2021
Normalized Income,2021-12-31 00:00:00,3168021259.198692,AMD,2021
Net Income From Continuing And Discontinued Operation,2021-12-31 00:00:00,3162000000.0,AMD,2021
Total Expenses,2021-12-31 00:00:00,12786000000.0,AMD,2021
Total Operating Income As Reported,2021-12-31 00:00:00,3648000000.0,AMD,2021
Diluted Average Shares,2021-12-31 00:00:00,1229000000.0,AMD,2021
Basic Average Shares,2021-12-31 00:00:00,1213000000.0,AMD,2021
Diluted EPS,2021-12-31 00:00:00,2.57,AMD,2021
Basic EPS,2021-12-31 00:00:00,2.61,AMD,2021
Diluted NI Availto Com Stockholders,2021-12-31 00:00:00,3162000000.0,AMD,2021
Average Dilution Earnings,2021-12-31 00:00:00,0.0,AMD,2021
Net Income Common Stockholders,2021-12-31 00:00:00,3162000000.0,AMD,2021
Net Income,2021-12-31 00:00:00,3162000000.0,AMD,2021
Net Income Including Noncontrolling Interests,2021-12-31 00:00:00,3162000000.0,AMD,2021
Net Income Continuous Operations,2021-12-31 00:00:00,3162000000.0,AMD,2021
Earnings From Equity Interest Net Of Tax,2021-12-31 00:00:00,6000000.0,AMD,2021
Tax Provision,2021-12-31 00:00:00,513000000.0,AMD,2021
Pretax Income,2021-12-31 00:00:00,3669000000.0,AMD,2021
Other Income Expense,2021-12-31 00:00:00,47000000.0,AMD,2021
Other Non Operating Income Expenses,2021-12-31 00:00:00,-2000000.0,AMD,2021
Special Income Charges,2021-12-31 00:00:00,-7000000.0,AMD,2021
Other Special Charges,2021-12-31 00:00:00,7000000.0,AMD,2021
Restructuring And Mergern Acquisition,2021-12-31 00:00:00,,AMD,2021
Earnings From Equity Interest,2021-12-31 00:00:00,56000000.0,AMD,2021
Net Non Operating Interest Income Expense,2021-12-31 00:00:00,-26000000.0,AMD,2021
Interest Expense Non Operating,2021-12-31 00:00:00,34000000.0,AMD,2021
Interest Income Non Operating,2021-12-31 00:00:00,8000000.0,AMD,2021
Operating Income,2021-12-31 00:00:00,3648000000.0,AMD,2021
Operating Expense,2021-12-31 00:00:00,4281000000.0,AMD,2021
Other Operating Expenses,2021-12-31 00:00:00,-12000000.0,AMD,2021
Depreciation Amortization Depletion Income Statement,2021-12-31 00:00:00,0.0,AMD,2021
Depreciation And Amortization In Income Statement,2021-12-31 00:00:00,0.0,AMD,2021
Amortization,2021-12-31 00:00:00,0.0,AMD,2021
Amortization Of Intangibles Income Statement,2021-12-31 00:00:00,0.0,AMD,2021
Research And Development,2021-12-31 00:00:00,2845000000.0,AMD,2021
Selling General And Administration,2021-12-31 00:00:00,1448000000.0,AMD,2021
Gross Profit,2021-12-31 00:00:00,7929000000.0,AMD,2021
Cost Of Revenue,2021-12-31 00:00:00,8505000000.0,AMD,2021
Total Revenue,2021-12-31 00:00:00,16434000000.0,AMD,2021
Operating Revenue,2021-12-31 00:00:00,16434000000.0,AMD,2021
Tax Effect Of Unusual Items,2020-12-31 00:00:00,,AMD,2021
Tax Rate For Calcs,2020-12-31 00:00:00,,AMD,2021
Normalized EBITDA,2020-12-31 00:00:00,,AMD,2021
Total Unusual Items,2020-12-31 00:00:00,,AMD,2021
Total Unusual Items Excluding Goodwill,2020-12-31 00:00:00,,AMD,2021
Net Income From Continuing Operation Net Minority Interest,2020-12-31 00:00:00,,AMD,2021
Reconciled Depreciation,2020-12-31 00:00:00,,AMD,2021
Reconciled Cost Of Revenue,2020-12-31 00:00:00,,AMD,2021
EBITDA,2020-12-31 00:00:00,,AMD,2021
EBIT,2020-12-31 00:00:00,,AMD,2021
Net Interest Income,2020-12-31 00:00:00,,AMD,2021
Interest Expense,2020-12-31 00:00:00,,AMD,2021
Interest Income,2020-12-31 00:00:00,,AMD,2021
Normalized Income,2020-12-31 00:00:00,,AMD,2021
Net Income From Continuing And Discontinued Operation,2020-12-31 00:00:00,,AMD,2021
Total Expenses,2020-12-31 00:00:00,,AMD,2021
Total Operating Income As Reported,2020-12-31 00:00:00,,AMD,2021
Diluted Average Shares,2020-12-31 00:00:00,,AMD,2021
Basic Average Shares,2020-12-31 00:00:00,,AMD,2021
Diluted EPS,2020-12-31 00:00:00,,AMD,2021
Basic EPS,2020-12-31 00:00:00,,AMD,2021
Diluted NI Availto Com Stockholders,2020-12-31 00:00:00,,AMD,2021
Average Dilution Earnings,2020-12-31 00:00:00,1000000.0,AMD,2021
Net Income Common Stockholders,2020-12-31 00:00:00,,AMD,2021
Net Income,2020-12-31 00:00:00,,AMD,2021
Net Income Including Noncontrolling Interests,2020-12-31 00:00:00,,AMD,2021
Net Income Continuous Operations,2020-12-31 00:00:00,,AMD,2021
Earnings From Equity Interest Net Of Tax,2020-12-31 00:00:00,,AMD,2021
Tax Provision,2020-12-31 00:00:00,,AMD,2021
Pretax Income,2020-12-31 00:00:00,,AMD,2021
Other Income Expense,2020-12-31 00:00:00,,AMD,2021
Other Non Operating Income Expenses,2020-12-31 00:00:00,,AMD,2021
Special Income Charges,2020-12-31 00:00:00,,AMD,2021
Other Special Charges,2020-12-31 00:00:00,54000000.0,AMD,2021
Restructuring And Mergern Acquisition,2020-12-31 00:00:00,,AMD,2021
Earnings From Equity Interest,2020-12-31 00:00:00,,AMD,2021
Net Non Operating Interest Income Expense,2020-12-31 00:00:00,,AMD,2021
Interest Expense Non Operating,2020-12-31 00:00:00,,AMD,2021
Interest Income Non Operating,2020-12-31 00:00:00,,AMD,2021
Operating Income,2020-12-31 00:00:00,,AMD,2021
Operating Expense,2020-12-31 00:00:00,,AMD,2021
Other Operating Expenses,2020-12-31 00:00:00,,AMD,2021
Depreciation Amortization Depletion Income Statement,2020-12-31 00:00:00,,AMD,2021
Depreciation And Amortization In Income Statement,2020-12-31 00:00:00,,AMD,2021
Amortization,2020-12-31 00:00:00,,AMD,2021
Amortization Of Intangibles Income Statement,2020-12-31 00:00:00,,AMD,2021
Research And Development,2020-12-31 00:00:00,,AMD,2021
Selling General And Administration,2020-12-31 00:00:00,,AMD,2021
Gross Profit,2020-12-31 00:00:00,,AMD,2021
Cost Of Revenue,2020-12-31 00:00:00,,AMD,2021
Total Revenue,2020-12-31 00:00:00,,AMD,2021
Operating Revenue,2020-12-31 00:00:00,,AMD,2021
Tax Effect Of Unusual Items,__statement__,income_stmt,AMD,2021
Tax Rate For Calcs,__statement__,income_stmt,AMD,2021
Normalized EBITDA,__statement__,income_stmt,AMD,2021
Total Unusual Items,__statement__,income_stmt,AMD,2021
Total Unusual Items Excluding Goodwill,__statement__,income_stmt,AMD,2021
Net Income From Continuing Operation Net Minority Interest,__statement__,income_stmt,AMD,2021
Reconciled Depreciation,__statement__,income_stmt,AMD,2021
Reconciled Cost Of Revenue,__statement__,income_stmt,AMD,2021
EBITDA,__statement__,income_stmt,AMD,2021
EBIT,__statement__,income_stmt,AMD,2021
Net Interest Income,__statement__,income_stmt,AMD,2021
Interest Expense,__statement__,income_stmt,AMD,2021
Interest Income,__statement__,income_stmt,AMD,2021
Normalized Income,__statement__,income_stmt,AMD,2021
Net Income From Continuing And Discontinued Operation,__statement__,income_stmt,AMD,2021
Total Expenses,__statement__,income_stmt,AMD,2021
Total Operating Income As Reported,__statement__,income_stmt,AMD,2021
Diluted Average Shares,__statement__,income_stmt,AMD,2021
Basic Average Shares,__statement__,income_stmt,AMD,2021
Diluted EPS,__statement__,income_stmt,AMD,2021
Basic EPS,__statement__,income_stmt,AMD,2021
Diluted NI Availto Com Stockholders,__statement__,income_stmt,AMD,2021
Average Dilution Earnings,__statement__,income_stmt,AMD,2021
Net Income Common Stockholders,__statement__,income_stmt,AMD,2021
Net Income,__statement__,income_stmt,AMD,2021
Net Income Including Noncontrolling Interests,__statement__,income_stmt,AMD,2021
Net Income Continuous Operations,__statement__,income_stmt,AMD,2021
Earnings From Equity Interest Net Of Tax,__statement__,income_stmt,AMD,2021
Tax Provision,__statement__,income_stmt,AMD,2021
Pretax Income,__statement__,income_stmt,AMD,2021
Other Income Expense,__statement__,income_stmt,AMD,2021
Other Non Operating Income Expenses,__statement__,income_stmt,AMD,2021
Special Income Charges,__statement__,income_stmt,AMD,2021
Other Special Charges,__statement__,income_stmt,AMD,2021
Restructuring And Mergern Acquisition,__statement__,income_stmt,AMD,2021
Earnings From Equity Interest,__statement__,income_stmt,AMD,2021
Net Non Operating Interest Income Expense,__statement__,income_stmt,AMD,2021
Interest Expense Non Operating,__statement__,income_stmt,AMD,2021
Interest Income Non Operating,__statement__,income_stmt,AMD,2021
Operating Income,__statement__,income_stmt,AMD,2021
Operating Expense,__statement__,income_stmt,AMD,2021
Other Operating Expenses,__statement__,income_stmt,AMD,2021
Depreciation Amortization Depletion Income Statement,__statement__,income_stmt,AMD,2021
Depreciation And Amortization In Income Statement,__statement__,income_stmt,AMD,2021
Amortization,__statement__,income_stmt,AMD,2021
Amortization Of Intangibles Income Statement,__statement__,income_stmt,AMD,2021
Research And Development,__statement__,income_stmt,AMD,2021
Selling General And Administration,__statement__,income_stmt,AMD,2021
Gross Profit,__statement__,income_stmt,AMD,2021
Cost Of Revenue,__statement__,income_stmt,AMD,2021
Total Revenue,__statement__,income_stmt,AMD,2021
Operating Revenue,__statement__,income_stmt,AMD,2021
Treasury Shares Number,2024-12-31 00:00:00,58000000.0,AMD,2021
Ordinary Shares Number,2024-12-31 00:00:00,1622000000.0,AMD,2021
Share Issued,2024-12-31 00:00:00,1680000000.0,AMD,2021
Total Debt,2024-12-31 00:00:00,2212000000.0,AMD,2021
Tangible Book Value,2024-12-31 00:00:00,13799000000.0,AMD,2021
Invested Capital,2024-12-31 00:00:00,59289000000.0,AMD,2021
Working Capital,2024-12-31 00:00:00,11768000000.0,AMD,2021
Net Tangible Assets,2024-12-31 00:00:00,13799000000.0,AMD,2021
Capital Lease Obligations,2024-12-31 00:00:00,491000000.0,AMD,2021
Common Stock Equity,2024-12-31 00:00:00,57568000000.0,AMD,2021
Total Capitalization,2024-12-31 00:00:00,59289000000.0,AMD,2021
Total Equity Gross Minority Interest,2024-12-31 00:00:00,57568000000.0,AMD,2021
Stockholders Equity,2024-12-31 00:00:00,57568000000.0,AMD,2021
Gains Losses Not Affecting Retained Earnings,2024-12-31 00:00:00,-69000000.0,AMD,2021
Other Equity Adjustments,2024-12-31 00:00:00,-69000000.0,AMD,2021
Treasury Stock,2024-12-31 00:00:00,6106000000.0,AMD,2021
Retained Earnings,2024-12-31 00:00:00,2364000000.0,AMD,2021
Additional Paid In Capital,2024-12-31 00:00:00,61362000000.0,AMD,2021
Capital Stock,2024-12-31 00:00:00,17000000.0,AMD,2021
Common Stock,2024-12-31 00:00:00,17000000.0,AMD,2021
Total Liabilities Net Minority Interest,2024-12-31 00:00:00,11658000000.0,AMD,2021
Total Non Current Liabilities Net Minority Interest,2024-12-31 00:00:00,4377000000.0,AMD,2021
Other Non Current Liabilities,2024-12-31 00:00:00,1816000000.0,AMD,2021
Non Current Deferred Liabilities,2024-12-31 00:00:00,349000000.0,AMD,2021
Non Current Deferred Taxes Liabilities,2024-12-31 00:00:00,349000000.0,AMD,2021
Long Term Debt And Capital Lease Obligation,2024-12-31 00:00:00,2212000000.0,AMD,2021
Long Term Capital Lease Obligation,2024-12-31 00:00:00,491000000.0,AMD,2021
Long Term Debt,2024-12-31 00:00:00,1721000000.0,AMD,2021
Current Liabilities,2024-12-31 00:00:00,7281000000.0,AMD,2021
Other Current Liabilities,2024-12-31 00:00:00,555000000.0,AMD,2021
Current Deferred Liabilities,2024-12-31 00:00:00,,AMD,2021
Current Deferred Revenue,2024-12-31 00:00:00,,AMD,2021
Current Debt And Capital Lease Obligation,2024-12-31 00:00:00,,AMD,2021
Current Debt,2024-12-31 00:00:00,,AMD,2021
Other Current Borrowings,2024-12-31 00:00:00,,AMD,2021
Pensionand Other Post Retirement Benefit Plans Current,2024-12-31 00:00:00,1174000000.0,AMD,2021
Payables And Accrued Expenses,2024-12-31 00:00:00,5552000000.0,AMD,2021
Current Accrued Expenses,2024-12-31 00:00:00,3086000000.0,AMD,2021
Payables,2024-12-31 00:00:00,2466000000.0,AMD,2021
Dueto Related Parties Current,2024-12-31 00:00:00,476000000.0,AMD,2021
Accounts Payable,2024-12-31 00:00:00,1990000000.0,AMD,2021
Total Assets,2024-12-31 00:00:00,69226000000.0,AMD,2021
Total Non Current Assets,2024-12-31 00:00:00,50177000000.0,AMD,2021
Other Non Current Assets,2024-12-31 00:00:00,3146000000.0,AMD,2021
Non Current Prepaid Assets,2024-12-31 00:00:00,,AMD,2021
Non Current Deferred Assets,2024-12-31 00:00:00,688000000.0,AMD,2021
Non Current Deferred Taxes Assets,2024-12-31 00:00:00,688000000.0,AMD,2021
Investments And Advances,2024-12-31 00:00:00,149000000.0,AMD,2021
Long Term Equity Investment,2024-12-31 00:00:00,149000000.0,AMD,2021
Goodwill And Other Intangible Assets,2024-12-31 00:00:00,43769000000.0,AMD,2021
Other Intangible Assets,2024-12-31 00:00:00,18930000000.0,AMD,2021
Goodwill,2024-12-31 00:00:00,24839000000.0,AMD,2021
Net PPE,2024-12-31 00:00:00,2425000000.0,AMD,2021
Accumulated Depreciation,2024-12-31 00:00:00,-2173000000.0,AMD,2021
Gross PPE,2024-12-31 00:00:00,4598000000.0,AMD,2021
Leases,2024-12-31 00:00:00,,AMD,2021
Construction In Progress,2024-12-31 00:00:00,324000000.0,AMD,2021
Other Properties,2024-12-31 00:00:00,3421000000.0,AMD,2021
Machinery Furniture Equipment,2024-12-31 00:00:00,,AMD,2021
Buildings And Improvements,2024-12-31 00:00:00,,AMD,2021
Land And Improvements,2024-12-31 00:00:00,,AMD,2021
Properties,2024-12-31 00:00:00,853000000.0,AMD,2021
Current Assets,2024-12-31 00:00:00,19049000000.0,AMD,2021
Other Current Assets,2024-12-31 00:00:00,1250000000.0,AMD,2021
Prepaid Assets,2024-12-31 00:00:00,,AMD,2021
Inventory,2024-12-31 00:00:00,5734000000.0,AMD,2021
Finished Goods,2024-12-31 00:00:00,1094000000.0,AMD,2021
Work In Process,2024-12-31 00:00:00,4289000000.0,AMD,2021
Raw Materials,2024-12-31 00:00:00,351000000.0,AMD,2021
Receivables,2024-12-31 00:00:00,6933000000.0,AMD,2021
Other Receivables,2024-12-31 00:00:00,628000000.0,AMD,2021
Duefrom Related Parties Current,2024-12-31 00:00:00,113000000.0,AMD,2021
Accounts Receivable,2024-12-31 00:00:00,6192000000.0,AMD,2021
Cash Cash Equivalents And Short Term Investments,2024-12-31 00:00:00,5132000000.0,AMD,2021
Other Short Term Investments,2024-12-31 00:00:00,1345000000.0,AMD,2021
Cash And Cash Equivalents,2024-12-31 00:00:00,3787000000.0,AMD,2021
Treasury Shares Number,2023-12-31 00:00:00,47000000.0,AMD,2021
Ordinary Shares Number,2023-12-31 00:00:00,1616000000.0,AMD,2021
Share Issued,2023-12-31 00:00:00,1663000000.0,AMD,2021
Total Debt,2023-12-31 00:00:00,3003000000.0,AMD,2021
Tangible Book Value,2023-12-31 00:00:00,10267000000.0,AMD,2021
Invested Capital,2023-12-31 00:00:00,58360000000.0,AMD,2021
Working Capital,2023-12-31 00:00:00,10079000000.0,AMD,2021
Net Tangible Assets,2023-12-31 00:00:00,10267000000.0,AMD,2021
Capital Lease Obligations,2023-12-31 00:00:00,535000000.0,AMD,2021
Common Stock Equity,2023-12-31 00:00:00,55892000000.0,AMD,2021
Total Capitalization,2023-12-31 00:00:00,57609000000.0,AMD,2021
Total Equity Gross Minority Interest,2023-12-31 00:00:00,55892000000.0,AMD,2021
Stockholders Equity,2023-12-31 00:00:00,55892000000.0,AMD,2021
Gains Losses Not Affecting Retained Earnings,2023-12-31 00:00:00,-10000000.0,AMD,2021
Other Equity Adjustments,2023-12-31 00:00:00,-10000000.0,AMD,2021
Treasury Stock,2023-12-31 00:00:00,4514000000.0,AMD,2021
Retained Earnings,2023-12-31 00:00:00,723000000.0,AMD,2021
Additional Paid In Capital,2023-12-31 00:00:00,59676000000.0,AMD,2021
Capital Stock,2023-12-31 00:00:00,17000000.0,AMD,2021
Common Stock,2023-12-31 00:00:00,17000000.0,AMD,2021
Total Liabilities Net Minority Interest,2023-12-31 00:00:00,11993000000.0,AMD,2021
Total Non Current Liabilities Net Minority Interest,2023-12-31 00:00:00,5304000000.0,AMD,2021
Other Non Current Liabilities,2023-12-31 00:00:00,1850000000.0,AMD,2021
Non Current Deferred Liabilities,2023-12-31 00:00:00,1202000000.0,AMD,2021
Non Current Deferred Taxes Liabilities,2023-12-31 00:00:00,1202000000.0,AMD,2021
Long Term Debt And Capital Lease Obligation,2023-12-31 00:00:00,2252000000.0,AMD,2021
Long Term Capital Lease Obligation,2023-12-31 00:00:00,535000000.0,AMD,2021
Long Term Debt,2023-12-31 00:00:00,1717000000.0,AMD,2021
Current Liabilities,2023-12-31 00:00:00,6689000000.0,AMD,2021
Other Current Liabilities,2023-12-31 00:00:00,438000000.0,AMD,2021
Current Deferred Liabilities,2023-12-31 00:00:00,544000000.0,AMD,2021
Current Deferred Revenue,2023-12-31 00:00:00,544000000.0,AMD,2021
Current Debt And Capital Lease Obligation,2023-12-31 00:00:00,751000000.0,AMD,2021
Current Debt,2023-12-31 00:00:00,751000000.0,AMD,2021
Other Current Borrowings,2023-12-31 00:00:00,751000000.0,AMD,2021
Pensionand Other Post Retirement Benefit Plans Current,2023-12-31 00:00:00,884000000.0,AMD,2021
Payables And Accrued Expenses,2023-12-31 00:00:00,4616000000.0,AMD,2021
Current Accrued Expenses,2023-12-31 00:00:00,2198000000.0,AMD,2021
Payables,2023-12-31 00:00:00,2418000000.0,AMD,2021
Dueto Related Parties Current,2023-12-31 00:00:00,363000000.0,AMD,2021
Accounts Payable,2023-12-31 00:00:00,2055000000.0,AMD,2021
Total Assets,2023-12-31 00:00:00,67885000000.0,AMD,2021
Total Non Current Assets,2023-12-31 00:00:00,51117000000.0,AMD,2021
Other Non Current Assets,2023-12-31 00:00:00,2805000000.0,AMD,2021
Non Current Prepaid Assets,2023-12-31 00:00:00,,AMD,2021
Non Current Deferred Assets,2023-12-31 00:00:00,366000000.0,AMD,2021
Non Current Deferred Taxes Assets,2023-12-31 00:00:00,366000000.0,AMD,2021
Investments And Advances,2023-12-31 00:00:00,99000000.0,AMD,2021
Long Term Equity Investment,2023-12-31 00:00:00,99000000.0,AMD,2021
Goodwill And Other Intangible Assets,2023-12-31 00:00:00,45625000000.0,AMD,2021
Other Intangible Assets,2023-12-31 00:00:00,21363000000.0,AMD,2021
Goodwill,2023-12-31 00:00:00,24262000000.0,AMD,2021
Net PPE,2023-12-31 00:00:00,2222000000.0,AMD,2021
Accumulated Depreciation,2023-12-31 00:00:00,-1787000000.0,AMD,2021
Gross PPE,2023-12-31 00:00:00,4009000000.0,AMD,2021
Leases,2023-12-31 00:00:00,,AMD,2021
Construction In Progress,2023-12-31 00:00:00,209000000.0,AMD,2021
Other Properties,2023-12-31 00:00:00,2979000000.0,AMD,2021
Machinery Furniture Equipment,2023-12-31 00:00:00,,AMD,2021
Buildings And Improvements,2023-12-31 00:00:00,,AMD,2021
Land And Improvements,2023-12-31 00:00:00,,AMD,2021
Properties,2023-12-31 00:00:00,821000000.0,AMD,2021
Current Assets,2023-12-31 00:00:00,16768000000.0,AMD,2021
Other Current Assets,2023-12-31 00:00:00,1259000000.0,AMD,2021
Prepaid Assets,2023-12-31 00:00:00,,AMD,2021
Inventory,2023-12-31 00:00:00,4351000000.0,AMD,2021
Finished Goods,2023-12-31 00:00:00,812000000.0,AMD,2021
Work In Process,2023-12-31 00:00:00,3260000000.0,AMD,2021
Raw Materials,2023-12-31 00:00:00,279000000.0,AMD,2021
Receivables,2023-12-31 00:00:00,5385000000.0,AMD,2021
Other Receivables,2023-12-31 00:00:00,1053000000.0,AMD,2021
Duefrom Related Parties Current,2023-12-31 00:00:00,9000000.0,AMD,2021
Accounts Receivable,2023-12-31 00:00:00,4323000000.0,AMD,2021
Cash Cash Equivalents And Short Term Investments,2023-12-31 00:00:00,5773000000.0,AMD,2021
Other Short Term Investments,2023-12-31 00:00:00,1840000000.0,AMD,2021
Cash And Cash Equivalents,2023-12-31 00:00:00,3933000000.0,AMD,2021
Treasury Shares Number,2022-12-31 00:00:00,33000000.0,AMD,2021
Ordinary Shares Number,2022-12-31 00:00:00,1612000000.0,AMD,2021
Share Issued,2022-12-31 00:00:00,1645000000.0,AMD,2021
Total Debt,2022-12-31 00:00:00,2863000000.0,AMD,2021
Tangible Book Value,2022-12-31 00:00:00,6455000000.0,AMD,2021
Invested Capital,2022-12-31 00:00:00,57217000000.0,AMD,2021
Working Capital,2022-12-31 00:00:00,8650000000.0,AMD,2021
Net Tangible Assets,2022-12-31 00:00:00,6455000000.0,AMD,2021
Capital Lease Obligations,2022-12-31 00:00:00,396000000.0,AMD,2021
Common Stock Equity,2022-12-31 00:00:00,54750000000.0,AMD,2021
Total Capitalization,2022-12-31 00:00:00,57217000000.0,AMD,2021
Total Equity Gross Minority Interest,2022-12-31 00:00:00,54750000000.0,AMD,2021
Stockholders Equity,2022-12-31 00:00:00,54750000000.0,AMD,2021
Gains Losses Not Affecting Retained Earnings,2022-12-31 00:00:00,-41000000.0,AMD,2021
Other Equity Adjustments,2022-12-31 00:00:00,-41000000.0,AMD,2021
Treasury Stock,2022-12-31 00:00:00,3099000000.0,AMD,2021
Retained Earnings,2022-12-31 00:00:00,-131000000.0,AMD,2021
Additional Paid In Capital,2022-12-31 00:00:00,58005000000.0,AMD,2021
Capital Stock,2022-12-31 00:00:00,16000000.0,AMD,2021
Common Stock,2022-12-31 00:00:00,16000000.0,AMD,2021
Total Liabilities Net Minority Interest,2022-12-31 00:00:00,12830000000.0,AMD,2021
Total Non Current Liabilities Net Minority Interest,2022-12-31 00:00:00,6461000000.0,AMD,2021
Other Non Current Liabilities,2022-12-31 00:00:00,1664000000.0,AMD,2021
Non Current Deferred Liabilities,2022-12-31 00:00:00,1934000000.0,AMD,2021
Non Current Deferred Taxes Liabilities,2022-12-31 00:00:00,1934000000.0,AMD,2021
Long Term Debt And Capital Lease Obligation,2022-12-31 00:00:00,2863000000.0,AMD,2021
Long Term Capital Lease Obligation,2022-12-31 00:00:00,396000000.0,AMD,2021
Long Term Debt,2022-12-31 00:00:00,2467000000.0,AMD,2021
Current Liabilities,2022-12-31 00:00:00,6369000000.0,AMD,2021
Other Current Liabilities,2022-12-31 00:00:00,336000000.0,AMD,2021
Current Deferred Liabilities,2022-12-31 00:00:00,859000000.0,AMD,2021
Current Deferred Revenue,2022-12-31 00:00:00,859000000.0,AMD,2021
Current Debt And Capital Lease Obligation,2022-12-31 00:00:00,,AMD,2021
Current Debt,2022-12-31 00:00:00,,AMD,2021
Other Current Borrowings,2022-12-31 00:00:00,,AMD,2021
Pensionand Other Post Retirement Benefit Plans Current,2022-12-31 00:00:00,701000000.0,AMD,2021
Payables And Accrued Expenses,2022-12-31 00:00:00,5332000000.0,AMD,2021
Current Accrued Expenses,2022-12-31 00:00:00,2376000000.0,AMD,2021
Payables,2022-12-31 00:00:00,2956000000.0,AMD,2021
Dueto Related Parties Current,2022-12-31 00:00:00,463000000.0,AMD,2021
Accounts Payable,2022-12-31 00:00:00,2493000000.0,AMD,2021
Total Assets,2022-12-31 00:00:00,67580000000.0,AMD,2021
Total Non Current Assets,2022-12-31 00:00:00,52561000000.0,AMD,2021
Other Non Current Assets,2022-12-31 00:00:00,2152000000.0,AMD,2021
Non Current Prepaid Assets,2022-12-31 00:00:00,1252000000.0,AMD,2021
Non Current Deferred Assets,2022-12-31 00:00:00,58000000.0,AMD,2021
Non Current Deferred Taxes Assets,2022-12-31 00:00:00,58000000.0,AMD,2021
Investments And Advances,2022-12-31 00:00:00,83000000.0,AMD,2021
Long Term Equity Investment,2022-12-31 00:00:00,83000000.0,AMD,2021
Goodwill And Other Intangible Assets,2022-12-31 00:00:00,48295000000.0,AMD,2021
Other Intangible Assets,2022-12-31 00:00:00,24118000000.0,AMD,2021
Goodwill,2022-12-31 00:00:00,24177000000.0,AMD,2021
Net PPE,2022-12-31 00:00:00,1973000000.0,AMD,2021
Accumulated Depreciation,2022-12-31 00:00:00,-1507000000.0,AMD,2021
Gross PPE,2022-12-31 00:00:00,3480000000.0,AMD,2021
Leases,2022-12-31 00:00:00,,AMD,2021
Construction In Progress,2022-12-31 00:00:00,143000000.0,AMD,2021
Other Properties,2022-12-31 00:00:00,2623000000.0,AMD,2021
Machinery Furniture Equipment,2022-12-31 00:00:00,2163000000.0,AMD,2021
Buildings And Improvements,2022-12-31 00:00:00,594000000.0,AMD,2021
Land And Improvements,2022-12-31 00:00:00,120000000.0,AMD,2021
Properties,2022-12-31 00:00:00,714000000.0,AMD,2021
Current Assets,2022-12-31 00:00:00,15019000000.0,AMD,2021
Other Current Assets,2022-12-31 00:00:00,1265000000.0,AMD,2021
Prepaid Assets,2022-12-31 00:00:00,,AMD,2021
Inventory,2022-12-31 00:00:00,3771000000.0,AMD,2021
Finished Goods,2022-12-31 00:00:00,892000000.0,AMD,2021
Work In Process,2022-12-31 00:00:00,2648000000.0,AMD,2021
Raw Materials,2022-12-31 00:00:00,231000000.0,AMD,2021
Receivables,2022-12-31 00:00:00,4128000000.0,AMD,2021
Other Receivables,2022-12-31 00:00:00,,AMD,2021
Duefrom Related Parties Current,2022-12-31 00:00:00,2000000.0,AMD,2021
Accounts Receivable,2022-12-31 00:00:00,4126000000.0,AMD,2021
Cash Cash Equivalents And Short Term Investments,2022-12-31 00:00:00,5855000000.0,AMD,2021
Other Short Term Investments,2022-12-31 00:00:00,1020000000.0,AMD,2021
Cash And Cash Equivalents,2022-12-31 00:00:00,4835000000.0,AMD,2021
Treasury Shares Number,2021-12-31 00:00:00,25000000.0,AMD,2021
Ordinary Shares Number,2021-12-31 00:00:00,1207000000.0,AMD,2021
Share Issued,2021-12-31 00:00:00,1232000000.0,AMD,2021
Total Debt,2021-12-31 00:00:00,661000000.0,AMD,2021
Tangible Book Value,2021-12-31 00:00:00,6885000000.0,AMD,2021
Invested Capital,2021-12-31 00:00:00,7810000000.0,AMD,2021
Working Capital,2021-12-31 00:00:00,4343000000.0,AMD,2021
Net Tangible Assets,2021-12-31 00:00:00,6885000000.0,AMD,2021
Capital Lease Obligations,2021-12-31 00:00:00,348000000.0,AMD,2021
Common Stock Equity,2021-12-31 00:00:00,7497000000.0,AMD,2021
Total Capitalization,2021-12-31 00:00:00,7498000000.0,AMD,2021
Total Equity Gross Minority Interest,2021-12-31 00:00:00,7497000000.0,AMD,2021
Stockholders Equity,2021-12-31 00:00:00,7497000000.0,AMD,2021
Gains Losses Not Affecting Retained Earnings,2021-12-31 00:00:00,-3000000.0,AMD,2021
Other Equity Adjustments,2021-12-31 00:00:00,-3000000.0,AMD,2021
Treasury Stock,2021-12-31 00:00:00,2130000000.0,AMD,2021
Retained Earnings,2021-12-31 00:00:00,-1451000000.0,AMD,2021
Additional Paid In Capital,2021-12-31 00:00:00,11069000000.0,AMD,2021
Capital Stock,2021-12-31 00:00:00,12000000.0,AMD,2021
Common Stock,2021-12-31 00:00:00,12000000.0,AMD,2021
Total Liabilities Net Minority Interest,2021-12-31 00:00:00,4922000000.0,AMD,2021
Total Non Current Liabilities Net Minority Interest,2021-12-31 00:00:00,682000000.0,AMD,2021
Other Non Current Liabilities,2021-12-31 00:00:00,321000000.0,AMD,2021
Non Current Deferred Liabilities,2021-12-31 00:00:00,12000000.0,AMD,2021
Non Current Deferred Taxes Liabilities,2021-12-31 00:00:00,12000000.0,AMD,2021
Long Term Debt And Capital Lease Obligation,2021-12-31 00:00:00,349000000.0,AMD,2021
Long Term Capital Lease Obligation,2021-12-31 00:00:00,348000000.0,AMD,2021
Long Term Debt,2021-12-31 00:00:00,1000000.0,AMD,2021
Current Liabilities,2021-12-31 00:00:00,4240000000.0,AMD,2021
Other Current Liabilities,2021-12-31 00:00:00,98000000.0,AMD,2021
Current Deferred Liabilities,2021-12-31 00:00:00,314000000.0,AMD,2021
Current Deferred Revenue,2021-12-31 00:00:00,314000000.0,AMD,2021
Current Debt And Capital Lease Obligation,2021-12-31 00:00:00,312000000.0,AMD,2021
Current Debt,2021-12-31 00:00:00,312000000.0,AMD,2021
Other Current Borrowings,2021-12-31 00:00:00,312000000.0,AMD,2021
Pensionand Other Post Retirement Benefit Plans Current,2021-12-31 00:00:00,705000000.0,AMD,2021
Payables And Accrued Expenses,2021-12-31 00:00:00,3125000000.0,AMD,2021
Current Accrued Expenses,2021-12-31 00:00:00,1719000000.0,AMD,2021
Payables,2021-12-31 00:00:00,1406000000.0,AMD,2021
Dueto Related Parties Current,2021-12-31 00:00:00,85000000.0,AMD,2021
Accounts Payable,2021-12-31 00:00:00,1321000000.0,AMD,2021
Total Assets,2021-12-31 00:00:00,12419000000.0,AMD,2021
Total Non Current Assets,2021-12-31 00:00:00,3836000000.0,AMD,2021
Other Non Current Assets,2021-12-31 00:00:00,239000000.0,AMD,2021
Non Current Prepaid Assets,2021-12-31 00:00:00,916000000.0,AMD,2021
Non Current Deferred Assets,2021-12-31 00:00:00,931000000.0,AMD,2021
Non Current Deferred Taxes Assets,2021-12-31 00:00:00,931000000.0,AMD,2021
Investments And Advances,2021-12-31 00:00:00,69000000.0,AMD,2021
Long Term Equity Investment,2021-12-31 00:00:00,69000000.0,AMD,2021
Goodwill And Other Intangible Assets,2021-12-31 00:00:00,612000000.0,AMD,2021
Other Intangible Assets,2021-12-31 00:00:00,323000000.0,AMD,2021
Goodwill,2021-12-31 00:00:00,289000000.0,AMD,2021
Net PPE,2021-12-31 00:00:00,1069000000.0,AMD,2021
Accumulated Depreciation,2021-12-31 00:00:00,-1134000000.0,AMD,2021
Gross PPE,2021-12-31 00:00:00,2203000000.0,AMD,2021
Leases,2021-12-31 00:00:00,206000000.0,AMD,2021
Construction In Progress,2021-12-31 00:00:00,96000000.0,AMD,2021
Other Properties,2021-12-31 00:00:00,1901000000.0,AMD,2021
Machinery Furniture Equipment,2021-12-31 00:00:00,1534000000.0,AMD,2021
Buildings And Improvements,2021-12-31 00:00:00,206000000.0,AMD,2021
Land And Improvements,2021-12-31 00:00:00,0.0,AMD,2021
Properties,2021-12-31 00:00:00,0.0,AMD,2021
Current Assets,2021-12-31 00:00:00,8583000000.0,AMD,2021
Other Current Assets,2021-12-31 00:00:00,312000000.0,AMD,2021
Prepaid Assets,2021-12-31 00:00:00,312000000.0,AMD,2021
Inventory,2021-12-31 00:00:00,1955000000.0,AMD,2021
Finished Goods,2021-12-31 00:00:00,197000000.0,AMD,2021
Work In Process,2021-12-31 00:00:00,1676000000.0,AMD,2021
Raw Materials,2021-12-31 00:00:00,82000000.0,AMD,2021
Receivables,2021-12-31 00:00:00,2708000000.0,AMD,2021
Other Receivables,2021-12-31 00:00:00,,AMD,2021
Duefrom Related Parties Current,2021-12-31 00:00:00,2000000.0,AMD,2021
Accounts Receivable,2021-12-31 00:00:00,2706000000.0,AMD,2021
Cash Cash Equivalents And Short Term Investments,2021-12-31 00:00:00,3608000000.0,AMD,2021
Other Short Term Investments,2021-12-31 00:00:00,1073000000.0,AMD,2021
Cash And Cash Equivalents,2021-12-31 00:00:00,2535000000.0,AMD,2021
Treasury Shares Number,2020-12-31 00:00:00,,AMD,2021
Ordinary Shares Number,2020-12-31 00:00:00,,AMD,2021
Share Issued,2020-12-31 00:00:00,,AMD,2021
Total Debt,2020-12-31 00:00:00,,AMD,2021
Tangible Book Value,2020-12-31 00:00:00,,AMD,2021
Invested Capital,2020-12-31 00:00:00,,AMD,2021
Working Capital,2020-12-31 00:00:00,,AMD,2021
Net Tangible Assets,2020-12-31 00:00:00,,AMD,2021
Capital Lease Obligations,2020-12-31 00:00:00,,AMD,2021
Common Stock Equity,2020-12-31 00:00:00,,AMD,2021
Total Capitalization,2020-12-31 00:00:00,,AMD,2021
Total Equity Gross Minority Interest,2020-12-31 00:00:00,,AMD,2021
Stockholders Equity,2020-12-31 00:00:00,,AMD,2021
Gains Losses Not Affecting Retained Earnings,2020-12-31 00:00:00,,AMD,2021
Other Equity Adjustments,2020-12-31 00:00:00,,AMD,2021
Treasury Stock,2020-12-31 00:00:00,,AMD,2021
Retained Earnings,2020-12-31 00:00:00,,AMD,2021
Additional Paid In Capital,2020-12-31 00:00:00,,AMD,2021
Capital Stock,2020-12-31 00:00:00,,AMD,2021
Common Stock,2020-12-31 00:00:00,,AMD,2021
Total Liabilities Net Minority Interest,2020-12-31 00:00:00,,AMD,2021
Total Non Current Liabilities Net Minority Interest,2020-12-31 00:00:00,,AMD,2021
Other Non Current Liabilities,2020-12-31 00:00:00,,AMD,2021
Non Current Deferred Liabilities,2020-12-31 00:00:00,,AMD,2021
Non Current Deferred Taxes Liabilities,2020-12-31 00:00:00,,AMD,2021
Long Term Debt And Capital Lease Obligation,2020-12-31 00:00:00,,AMD,2021
Long Term Capital Lease Obligation,2020-12-31 00:00:00,,AMD,2021
Long Term Debt,2020-12-31 00:00:00,,AMD,2021
Current Liabilities,2020-12-31 00:00:00,,AMD,2021
Other Current Liabilities,2020-12-31 00:00:00,,AMD,2021
Current Deferred Liabilities,2020-12-31 00:00:00,,AMD,2021
Current Deferred Revenue,2020-12-31 00:00:00,,AMD,2021
Current Debt And Capital Lease Obligation,2020-12-31 00:00:00,,AMD,2021
Current Debt,2020-12-31 00:00:00,,AMD,2021
Other Current Borrowings,2020-12-31 00:00:00,,AMD,2021
Pensionand Other Post Retirement Benefit Plans Current,2020-12-31 00:00:00,,AMD,2021
Payables And Accrued Expenses,2020-12-31 00:00:00,,AMD,2021
Current Accrued Expenses,2020-12-31 00:00:00,,AMD,2021
Payables,2020-12-31 00:00:00,,AMD,2021
Dueto Related Parties Current,2020-12-31 00:00:00,,AMD,2021
Accounts Payable,2020-12-31 00:00:00,,AMD,2021
Total Assets,2020-12-31 00:00:00,,AMD,2021
Total Non Current Assets,2020-12-31 00:00:00,,AMD,2021
Other Non Current Assets,2020-12-31 00:00:00,,AMD,2021
Non Current Prepaid Assets,2020-12-31 00:00:00,0.0,AMD,2021
Non Current Deferred Assets,2020-12-31 00:00:00,,AMD,2021
Non Current Deferred Taxes Assets,2020-12-31 00:00:00,,AMD,2021
Investments And Advances,2020-12-31 00:00:00,,AMD,2021
Long Term Equity Investment,2020-12-31 00:00:00,,AMD,2021
Goodwill And Other Intangible Assets,2020-12-31 00:00:00,,AMD,2021
Other Intangible Assets,2020-12-31 00:00:00,,AMD,2021
Goodwill,2020-12-31 00:00:00,,AMD,2021
Net PPE,2020-12-31 00:00:00,,AMD,2021
Accumulated Depreciation,2020-12-31 00:00:00,,AMD,2021
Gross PPE,2020-12-31 00:00:00,,AMD,2021
Leases,2020-12-31 00:00:00,208000000.0,AMD,2021
Construction In Progress,2020-12-31 00:00:00,,AMD,2021
Other Properties,2020-12-31 00:00:00,,AMD,2021
Machinery Furniture Equipment,2020-12-31 00:00:00,1209000000.0,AMD,2021
Buildings And Improvements,2020-12-31 00:00:00,208000000.0,AMD,2021
Land And Improvements,2020-12-31 00:00:00,,AMD,2021
Properties,2020-12-31 00:00:00,,AMD,2021
Current Assets,2020-12-31 00:00:00,,AMD,2021
Other Current Assets,2020-12-31 00:00:00,,AMD,2021
Prepaid Assets,2020-12-31 00:00:00,378000000.0,AMD,2021
Inventory,2020-12-31 00:00:00,,AMD,2021
Finished Goods,2020-12-31 00:00:00,,AMD,2021
Work In Process,2020-12-31 00:00:00,,AMD,2021
Raw Materials,2020-12-31 00:00:00,,AMD,2021
Receivables,2020-12-31 00:00:00,,AMD,2021
Other Receivables,2020-12-31 00:00:00,,AMD,2021
Duefrom Related Parties Current,2020-12-31 00:00:00,,AMD,2021
Accounts Receivable,2020-12-31 00:00:00,,AMD,2021
Cash Cash Equivalents And Short Term Investments,2020-12-31 00:00:00,,AMD,2021
Other Short Term Investments,2020-12-31 00:00:00,,AMD,2021
Cash And Cash Equivalents,2020-12-31 00:00:00,,AMD,2021
Treasury Shares Number,__statement__,balance_sheet,AMD,2021
Ordinary Shares Number,__statement__,balance_sheet,AMD,2021
Share Issued,__statement__,balance_sheet,AMD,2021
Total Debt,__statement__,balance_sheet,AMD,2021
Tangible Book Value,__statement__,balance_sheet,AMD,2021
Invested Capital,__statement__,balance_sheet,AMD,2021
Working Capital,__statement__,balance_sheet,AMD,2021
Net Tangible Assets,__statement__,balance_sheet,AMD,2021
Capital Lease Obligations,__statement__,balance_sheet,AMD,2021
Common Stock Equity,__statement__,balance_sheet,AMD,2021
Total Capitalization,__statement__,balance_sheet,AMD,2021
Total Equity Gross Minority Interest,__statement__,balance_sheet,AMD,2021
Stockholders Equity,__statement__,balance_sheet,AMD,2021
Gains Losses Not Affecting Retained Earnings,__statement__,balance_sheet,AMD,2021
Other Equity Adjustments,__statement__,balance_sheet,AMD,2021
Treasury Stock,__statement__,balance_sheet,AMD,2021
Retained Earnings,__statement__,balance_sheet,AMD,2021
Additional Paid In Capital,__statement__,balance_sheet,AMD,2021
Capital Stock,__statement__,balance_sheet,AMD,2021
Common Stock,__statement__,balance_sheet,AMD,2021
Total Liabilities Net Minority Interest,__statement__,balance_sheet,AMD,2021
Total Non Current Liabilities Net Minority Interest,__statement__,balance_sheet,AMD,2021
Other Non Current Liabilities,__statement__,balance_sheet,AMD,2021
Non Current Deferred Liabilities,__statement__,balance_sheet,AMD,2021
Non Current Deferred Taxes Liabilities,__statement__,balance_sheet,AMD,2021
Long Term Debt And Capital Lease Obligation,__statement__,balance_sheet,AMD,2021
Long Term Capital Lease Obligation,__statement__,balance_sheet,AMD,2021
Long Term Debt,__statement__,balance_sheet,AMD,2021
Current Liabilities,__statement__,balance_sheet,AMD,2021
Other Current Liabilities,__statement__,balance_sheet,AMD,2021
Current Deferred Liabilities,__statement__,balance_sheet,AMD,2021
Current Deferred Revenue,__statement__,balance_sheet,AMD,2021
Current Debt And Capital Lease Obligation,__statement__,balance_sheet,AMD,2021
Current Debt,__statement__,balance_sheet,AMD,2021
Other Current Borrowings,__statement__,balance_sheet,AMD,2021
Pensionand Other Post Retirement Benefit Plans Current,__statement__,balance_sheet,AMD,2021
Payables And Accrued Expenses,__statement__,balance_sheet,AMD,2021
Current Accrued Expenses,__statement__,balance_sheet,AMD,2021
Payables,__statement__,balance_sheet,AMD,2021
Dueto Related Parties Current,__statement__,balance_sheet,AMD,2021
Accounts Payable,__statement__,balance_sheet,AMD,2021
Total Assets,__statement__,balance_sheet,AMD,2021
Total Non Current Assets,__statement__,balance_sheet,AMD,2021
Other Non Current Assets,__statement__,balance_sheet,AMD,2021
Non Current Prepaid Assets,__statement__,balance_sheet,AMD,2021
Non Current Deferred Assets,__statement__,balance_sheet,AMD,2021
Non Current Deferred Taxes Assets,__statement__,balance_sheet,AMD,2021
Investments And Advances,__statement__,balance_sheet,AMD,2021
Long Term Equity Investment,__statement__,balance_sheet,AMD,2021
Goodwill And Other Intangible Assets,__statement__,balance_sheet,AMD,2021
Other Intangible Assets,__statement__,balance_sheet,AMD,2021
Goodwill,__statement__,balance_sheet,AMD,2021
Net PPE,__statement__,balance_sheet,AMD,2021
Accumulated Depreciation,__statement__,balance_sheet,AMD,2021
Gross PPE,__statement__,balance_sheet,AMD,2021
Leases,__statement__,balance_sheet,AMD,2021
Construction In Progress,__statement__,balance_sheet,AMD,2021
Other Properties,__statement__,balance_sheet,AMD,2021
Machinery Furniture Equipment,__statement__,balance_sheet,AMD,2021
Buildings And Improvements,__statement__,balance_sheet,AMD,2021
Land And Improvements,__statement__,balance_sheet,AMD,2021
Properties,__statement__,balance_sheet,AMD,2021
Current Assets,__statement__,balance_sheet,AMD,2021
Other Current Assets,__statement__,balance_sheet,AMD,2021
Prepaid Assets,__statement__,balance_sheet,AMD,2021
Inventory,__statement__,balance_sheet,AMD,2021
Finished Goods,__statement__,balance_sheet,AMD,2021
Work In Process,__statement__,balance_sheet,AMD,2021
Raw Materials,__statement__,balance_sheet,AMD,2021
Receivables,__statement__,balance_sheet,AMD,2021
Other Receivables,__statement__,balance_sheet,AMD,2021
Duefrom Related Parties Current,__statement__,balance_sheet,AMD,2021
Accounts Receivable,__statement__,balance_sheet,AMD,2021
Cash Cash Equivalents And Short Term Investments,__statement__,balance_sheet,AMD,2021
Other Short Term Investments,__statement__,balance_sheet,AMD,2021
Cash And Cash Equivalents,__statement__,balance_sheet,AMD,2021
Free Cash Flow,2024-12-31 00:00:00,2405000000.0,AMD,2021
Repurchase Of Capital Stock,2024-12-31 00:00:00,-1590000000.0,AMD,2021
Repayment Of Debt,2024-12-31 00:00:00,-750000000.0,AMD,2021
Issuance Of Debt,2024-12-31 00:00:00,0.0,AMD,2021
Capital Expenditure,2024-12-31 00:00:00,-636000000.0,AMD,2021
Interest Paid Supplemental Data,2024-12-31 00:00:00,72000000.0,AMD,2021
Income Tax Paid Supplemental Data,2024-12-31 00:00:00,1386000000.0,AMD,2021
End Cash Position,2024-12-31 00:00:00,3811000000.0,AMD,2021
Beginning Cash Position,2024-12-31 00:00:00,3933000000.0,AMD,2021
Changes In Cash,2024-12-31 00:00:00,-122000000.0,AMD,2021
Financing Cash Flow,2024-12-31 00:00:00,-2062000000.0,AMD,2021
Cash Flow From Continuing Financing Activities,2024-12-31 00:00:00,-2062000000.0,AMD,2021
Net Other Financing Charges,2024-12-31 00:00:00,-1000000.0,AMD,2021
Proceeds From Stock Option Exercised,2024-12-31 00:00:00,279000000.0,AMD,2021
Net Common Stock Issuance,2024-12-31 00:00:00,-1590000000.0,AMD,2021
Common Stock Payments,2024-12-31 00:00:00,-1590000000.0,AMD,2021
Net Issuance Payments Of Debt,2024-12-31 00:00:00,-750000000.0,AMD,2021
Net Short Term Debt Issuance,2024-12-31 00:00:00,,AMD,2021
Short Term Debt Issuance,2024-12-31 00:00:00,,AMD,2021
Net Long Term Debt Issuance,2024-12-31 00:00:00,-750000000.0,AMD,2021
Long Term Debt Payments,2024-12-31 00:00:00,-750000000.0,AMD,2021
Long Term Debt Issuance,2024-12-31 00:00:00,0.0,AMD,2021
Investing Cash Flow,2024-12-31 00:00:00,-1101000000.0,AMD,2021
Cash Flow From Continuing Investing Activities,2024-12-31 00:00:00,-1101000000.0,AMD,2021
Net Other Investing Changes,2024-12-31 00:00:00,-98000000.0,AMD,2021
Net Investment Purchase And Sale,2024-12-31 00:00:00,198000000.0,AMD,2021
Sale Of Investment,2024-12-31 00:00:00,2032000000.0,AMD,2021
Purchase Of Investment,2024-12-31 00:00:00,-1834000000.0,AMD,2021
Net Business Purchase And Sale,2024-12-31 00:00:00,-565000000.0,AMD,2021
Sale Of Business,2024-12-31 00:00:00,0.0,AMD,2021
Purchase Of Business,2024-12-31 00:00:00,-565000000.0,AMD,2021
Net PPE Purchase And Sale,2024-12-31 00:00:00,-636000000.0,AMD,2021
Purchase Of PPE,2024-12-31 00:00:00,-636000000.0,AMD,2021
Operating Cash Flow,2024-12-31 00:00:00,3041000000.0,AMD,2021
Cash Flow From Continuing Operating Activities,2024-12-31 00:00:00,3041000000.0,AMD,2021
Change In Working Capital,2024-12-31 00:00:00,-2098000000.0,AMD,2021
Change In Other Working Capital,2024-12-31 00:00:00,108000000.0,AMD,2021
Change In Payables And Accrued Expense,2024-12-31 00:00:00,774000000.0,AMD,2021
Change In Accrued Expense,2024-12-31 00:00:00,883000000.0,AMD,2021
Change In Payable,2024-12-31 00:00:00,-109000000.0,AMD,2021
Change In Account Payable,2024-12-31 00:00:00,-109000000.0,AMD,2021
Change In Prepaid Assets,2024-12-31 00:00:00,343000000.0,AMD,2021
Change In Inventory,2024-12-31 00:00:00,-1458000000.0,AMD,2021
Change In Receivables,2024-12-31 00:00:00,-1865000000.0,AMD,2021
Changes In Account Receivables,2024-12-31 00:00:00,-1865000000.0,AMD,2021
Other Non Cash Items,2024-12-31 00:00:00,77000000.0,AMD,2021
Stock Based Compensation,2024-12-31 00:00:00,1407000000.0,AMD,2021
Asset Impairment Charge,2024-12-31 00:00:00,,AMD,2021
Deferred Tax,2024-12-31 00:00:00,-1163000000.0,AMD,2021
Deferred Income Tax,2024-12-31 00:00:00,-1163000000.0,AMD,2021
Depreciation Amortization Depletion,2024-12-31 00:00:00,3177000000.0,AMD,2021
Depreciation And Amortization,2024-12-31 00:00:00,3177000000.0,AMD,2021
Amortization Cash Flow,2024-12-31 00:00:00,2393000000.0,AMD,2021
Amortization Of Intangibles,2024-12-31 00:00:00,2393000000.0,AMD,2021
Depreciation,2024-12-31 00:00:00,784000000.0,AMD,2021
Operating Gains Losses,2024-12-31 00:00:00,,AMD,2021
Earnings Losses From Equity Investments,2024-12-31 00:00:00,,AMD,2021
Gain Loss On Investment Securities,2024-12-31 00:00:00,,AMD,2021
Gain Loss On Sale Of PPE,2024-12-31 00:00:00,,AMD,2021
Net Income From Continuing Operations,2024-12-31 00:00:00,1641000000.0,AMD,2021
Free Cash Flow,2023-12-31 00:00:00,1121000000.0,AMD,2021
Repurchase Of Capital Stock,2023-12-31 00:00:00,-1412000000.0,AMD,2021
Repayment Of Debt,2023-12-31 00:00:00,0.0,AMD,2021
Issuance Of Debt,2023-12-31 00:00:00,0.0,AMD,2021
Capital Expenditure,2023-12-31 00:00:00,-546000000.0,AMD,2021
Interest Paid Supplemental Data,2023-12-31 00:00:00,84000000.0,AMD,2021
Income Tax Paid Supplemental Data,2023-12-31 00:00:00,523000000.0,AMD,2021
End Cash Position,2023-12-31 00:00:00,3933000000.0,AMD,2021
Beginning Cash Position,2023-12-31 00:00:00,4835000000.0,AMD,2021
Changes In Cash,2023-12-31 00:00:00,-902000000.0,AMD,2021
Financing Cash Flow,2023-12-31 00:00:00,-1146000000.0,AMD,2021
Cash Flow From Continuing Financing Activities,2023-12-31 00:00:00,-1146000000.0,AMD,2021
Net Other Financing Charges,2023-12-31 00:00:00,-2000000.0,AMD,2021
Proceeds From Stock Option Exercised,2023-12-31 00:00:00,268000000.0,AMD,2021
Net Common Stock Issuance,2023-12-31 00:00:00,-1412000000.0,AMD,2021
Common Stock Payments,2023-12-31 00:00:00,-1412000000.0,AMD,2021
Net Issuance Payments Of Debt,2023-12-31 00:00:00,0.0,AMD,2021
Net Short Term Debt Issuance,2023-12-31 00:00:00,,AMD,2021
Short Term Debt Issuance,2023-12-31 00:00:00,,AMD,2021
Net Long Term Debt Issuance,2023-12-31 00:00:00,0.0,AMD,2021
Long Term Debt Payments,2023-12-31 00:00:00,0.0,AMD,2021
Long Term Debt Issuance,2023-12-31 00:00:00,0.0,AMD,2021
Investing Cash Flow,2023-12-31 00:00:00,-1423000000.0,AMD,2021
Cash Flow From Continuing Investing Activities,2023-12-31 00:00:00,-1423000000.0,AMD,2021
Net Other Investing Changes,2023-12-31 00:00:00,-11000000.0,AMD,2021
Net Investment Purchase And Sale,2023-12-31 00:00:00,-746000000.0,AMD,2021
Sale Of Investment,2023-12-31 00:00:00,2987000000.0,AMD,2021
Purchase Of Investment,2023-12-31 00:00:00,-3733000000.0,AMD,2021
Net Business Purchase And Sale,2023-12-31 00:00:00,-131000000.0,AMD,2021
Sale Of Business,2023-12-31 00:00:00,0.0,AMD,2021
Purchase Of Business,2023-12-31 00:00:00,-131000000.0,AMD,2021
Net PPE Purchase And Sale,2023-12-31 00:00:00,-546000000.0,AMD,2021
Purchase Of PPE,2023-12-31 00:00:00,-546000000.0,AMD,2021
Operating Cash Flow,2023-12-31 00:00:00,1667000000.0,AMD,2021
Cash Flow From Continuing Operating Activities,2023-12-31 00:00:00,1667000000.0,AMD,2021
Change In Working Capital,2023-12-31 00:00:00,-3049000000.0,AMD,2021
Change In Other Working Capital,2023-12-31 00:00:00,-107000000.0,AMD,2021
Change In Payables And Accrued Expense,2023-12-31 00:00:00,-640000000.0,AMD,2021
Change In Accrued Expense,2023-12-31 00:00:00,-221000000.0,AMD,2021
Change In Payable,2023-12-31 00:00:00,-419000000.0,AMD,2021
Change In Account Payable,2023-12-31 00:00:00,-419000000.0,AMD,2021
Change In Prepaid Assets,2023-12-31 00:00:00,-383000000.0,AMD,2021
Change In Inventory,2023-12-31 00:00:00,-580000000.0,AMD,2021
Change In Receivables,2023-12-31 00:00:00,-1339000000.0,AMD,2021
Changes In Account Receivables,2023-12-31 00:00:00,-1339000000.0,AMD,2021
Other Non Cash Items,2023-12-31 00:00:00,-54000000.0,AMD,2021
Stock Based Compensation,2023-12-31 00:00:00,1384000000.0,AMD,2021
Asset Impairment Charge,2023-12-31 00:00:00,,AMD,2021
Deferred Tax,2023-12-31 00:00:00,-1019000000.0,AMD,2021
Deferred Income Tax,2023-12-31 00:00:00,-1019000000.0,AMD,2021
Depreciation Amortization Depletion,2023-12-31 00:00:00,3551000000.0,AMD,2021
Depreciation And Amortization,2023-12-31 00:00:00,3551000000.0,AMD,2021
Amortization Cash Flow,2023-12-31 00:00:00,2811000000.0,AMD,2021
Amortization Of Intangibles,2023-12-31 00:00:00,2811000000.0,AMD,2021
Depreciation,2023-12-31 00:00:00,740000000.0,AMD,2021
Operating Gains Losses,2023-12-31 00:00:00,10000000.0,AMD,2021
Earnings Losses From Equity Investments,2023-12-31 00:00:00,-1000000.0,AMD,2021
Gain Loss On Investment Securities,2023-12-31 00:00:00,,AMD,2021
Gain Loss On Sale Of PPE,2023-12-31 00:00:00,11000000.0,AMD,2021
Net Income From Continuing Operations,2023-12-31 00:00:00,854000000.0,AMD,2021
Free Cash Flow,2022-12-31 00:00:00,3115000000.0,AMD,2021
Repurchase Of Capital Stock,2022-12-31 00:00:00,-4108000000.0,AMD,2021
Repayment Of Debt,2022-12-31 00:00:00,-312000000.0,AMD,2021
Issuance Of Debt,2022-12-31 00:00:00,991000000.0,AMD,2021
Capital Expenditure,2022-12-31 00:00:00,-450000000.0,AMD,2021
Interest Paid Supplemental Data,2022-12-31 00:00:00,85000000.0,AMD,2021
Income Tax Paid Supplemental Data,2022-12-31 00:00:00,685000000.0,AMD,2021
End Cash Position,2022-12-31 00:00:00,4835000000.0,AMD,2021
Beginning Cash Position,2022-12-31 00:00:00,2535000000.0,AMD,2021
Changes In Cash,2022-12-31 00:00:00,2300000000.0,AMD,2021
Financing Cash Flow,2022-12-31 00:00:00,-3264000000.0,AMD,2021
Cash Flow From Continuing Financing Activities,2022-12-31 00:00:00,-3264000000.0,AMD,2021
Net Other Financing Charges,2022-12-31 00:00:00,-2000000.0,AMD,2021
Proceeds From Stock Option Exercised,2022-12-31 00:00:00,167000000.0,AMD,2021
Net Common Stock Issuance,2022-12-31 00:00:00,-4108000000.0,AMD,2021
Common Stock Payments,2022-12-31 00:00:00,-4108000000.0,AMD,2021
Net Issuance Payments Of Debt,2022-12-31 00:00:00,679000000.0,AMD,2021
Net Short Term Debt Issuance,2022-12-31 00:00:00,,AMD,2021
Short Term Debt Issuance,2022-12-31 00:00:00,,AMD,2021
Net Long Term Debt Issuance,2022-12-31 00:00:00,679000000.0,AMD,2021
Long Term Debt Payments,2022-12-31 00:00:00,-312000000.0,AMD,2021
Long Term Debt Issuance,2022-12-31 00:00:00,991000000.0,AMD,2021
Investing Cash Flow,2022-12-31 00:00:00,1999000000.0,AMD,2021
Cash Flow From Continuing Investing Activities,2022-12-31 00:00:00,1999000000.0,AMD,2021
Net Other Investing Changes,2022-12-31 00:00:00,-11000000.0,AMD,2021
Net Investment Purchase And Sale,2022-12-31 00:00:00,1638000000.0,AMD,2021
Sale Of Investment,2022-12-31 00:00:00,4310000000.0,AMD,2021
Purchase Of Investment,2022-12-31 00:00:00,-2672000000.0,AMD,2021
Net Business Purchase And Sale,2022-12-31 00:00:00,822000000.0,AMD,2021
Sale Of Business,2022-12-31 00:00:00,2366000000.0,AMD,2021
Purchase Of Business,2022-12-31 00:00:00,-1544000000.0,AMD,2021
Net PPE Purchase And Sale,2022-12-31 00:00:00,-450000000.0,AMD,2021
Purchase Of PPE,2022-12-31 00:00:00,-450000000.0,AMD,2021
Operating Cash Flow,2022-12-31 00:00:00,3565000000.0,AMD,2021
Cash Flow From Continuing Operating Activities,2022-12-31 00:00:00,3565000000.0,AMD,2021
Change In Working Capital,2022-12-31 00:00:00,-1846000000.0,AMD,2021
Change In Other Working Capital,2022-12-31 00:00:00,366000000.0,AMD,2021
Change In Payables And Accrued Expense,2022-12-31 00:00:00,1477000000.0,AMD,2021
Change In Accrued Expense,2022-12-31 00:00:00,546000000.0,AMD,2021
Change In Payable,2022-12-31 00:00:00,931000000.0,AMD,2021
Change In Account Payable,2022-12-31 00:00:00,931000000.0,AMD,2021
Change In Prepaid Assets,2022-12-31 00:00:00,-2010000000.0,AMD,2021
Change In Inventory,2022-12-31 00:00:00,-1401000000.0,AMD,2021
Change In Receivables,2022-12-31 00:00:00,-278000000.0,AMD,2021
Changes In Account Receivables,2022-12-31 00:00:00,-278000000.0,AMD,2021
Other Non Cash Items,2022-12-31 00:00:00,253000000.0,AMD,2021
Stock Based Compensation,2022-12-31 00:00:00,1081000000.0,AMD,2021
Asset Impairment Charge,2022-12-31 00:00:00,,AMD,2021
Deferred Tax,2022-12-31 00:00:00,-1505000000.0,AMD,2021
Deferred Income Tax,2022-12-31 00:00:00,-1505000000.0,AMD,2021
Depreciation Amortization Depletion,2022-12-31 00:00:00,4262000000.0,AMD,2021
Depreciation And Amortization,2022-12-31 00:00:00,4262000000.0,AMD,2021
Amortization Cash Flow,2022-12-31 00:00:00,3548000000.0,AMD,2021
Amortization Of Intangibles,2022-12-31 00:00:00,3548000000.0,AMD,2021
Depreciation,2022-12-31 00:00:00,714000000.0,AMD,2021
Operating Gains Losses,2022-12-31 00:00:00,78000000.0,AMD,2021
Earnings Losses From Equity Investments,2022-12-31 00:00:00,62000000.0,AMD,2021
Gain Loss On Investment Securities,2022-12-31 00:00:00,62000000.0,AMD,2021
Gain Loss On Sale Of PPE,2022-12-31 00:00:00,16000000.0,AMD,2021
Net Income From Continuing Operations,2022-12-31 00:00:00,1320000000.0,AMD,2021
Free Cash Flow,2021-12-31 00:00:00,3220000000.0,AMD,2021
Repurchase Of Capital Stock,2021-12-31 00:00:00,-1999000000.0,AMD,2021
Repayment Of Debt,2021-12-31 00:00:00,0.0,AMD,2021
Issuance Of Debt,2021-12-31 00:00:00,0.0,AMD,2021
Capital Expenditure,2021-12-31 00:00:00,-301000000.0,AMD,2021
Interest Paid Supplemental Data,2021-12-31 00:00:00,25000000.0,AMD,2021
Income Tax Paid Supplemental Data,2021-12-31 00:00:00,35000000.0,AMD,2021
End Cash Position,2021-12-31 00:00:00,2535000000.0,AMD,2021
Beginning Cash Position,2021-12-31 00:00:00,1595000000.0,AMD,2021
Changes In Cash,2021-12-31 00:00:00,940000000.0,AMD,2021
Financing Cash Flow,2021-12-31 00:00:00,-1895000000.0,AMD,2021
Cash Flow From Continuing Financing Activities,2021-12-31 00:00:00,-1895000000.0,AMD,2021
Net Other Financing Charges,2021-12-31 00:00:00,,AMD,2021
Proceeds From Stock Option Exercised,2021-12-31 00:00:00,104000000.0,AMD,2021
Net Common Stock Issuance,2021-12-31 00:00:00,-1999000000.0,AMD,2021
Common Stock Payments,2021-12-31 00:00:00,-1999000000.0,AMD,2021
Net Issuance Payments Of Debt,2021-12-31 00:00:00,0.0,AMD,2021
Net Short Term Debt Issuance,2021-12-31 00:00:00,0.0,AMD,2021
Short Term Debt Issuance,2021-12-31 00:00:00,0.0,AMD,2021
Net Long Term Debt Issuance,2021-12-31 00:00:00,0.0,AMD,2021
Long Term Debt Payments,2021-12-31 00:00:00,0.0,AMD,2021
Long Term Debt Issuance,2021-12-31 00:00:00,0.0,AMD,2021
Investing Cash Flow,2021-12-31 00:00:00,-686000000.0,AMD,2021
Cash Flow From Continuing Investing Activities,2021-12-31 00:00:00,-686000000.0,AMD,2021
Net Other Investing Changes,2021-12-31 00:00:00,-7000000.0,AMD,2021
Net Investment Purchase And Sale,2021-12-31 00:00:00,-378000000.0,AMD,2021
Sale Of Investment,2021-12-31 00:00:00,1678000000.0,AMD,2021
Purchase Of Investment,2021-12-31 00:00:00,-2056000000.0,AMD,2021
Net Business Purchase And Sale,2021-12-31 00:00:00,0.0,AMD,2021
Sale Of Business,2021-12-31 00:00:00,0.0,AMD,2021
Purchase Of Business,2021-12-31 00:00:00,0.0,AMD,2021
Net PPE Purchase And Sale,2021-12-31 00:00:00,-301000000.0,AMD,2021
Purchase Of PPE,2021-12-31 00:00:00,-301000000.0,AMD,2021
Operating Cash Flow,2021-12-31 00:00:00,3521000000.0,AMD,2021
Cash Flow From Continuing Operating Activities,2021-12-31 00:00:00,3521000000.0,AMD,2021
Change In Working Capital,2021-12-31 00:00:00,-774000000.0,AMD,2021
Change In Other Working Capital,2021-12-31 00:00:00,,AMD,2021
Change In Payables And Accrued Expense,2021-12-31 00:00:00,1334000000.0,AMD,2021
Change In Accrued Expense,2021-12-31 00:00:00,526000000.0,AMD,2021
Change In Payable,2021-12-31 00:00:00,808000000.0,AMD,2021
Change In Account Payable,2021-12-31 00:00:00,801000000.0,AMD,2021
Change In Prepaid Assets,2021-12-31 00:00:00,-920000000.0,AMD,2021
Change In Inventory,2021-12-31 00:00:00,-556000000.0,AMD,2021
Change In Receivables,2021-12-31 00:00:00,-632000000.0,AMD,2021
Changes In Account Receivables,2021-12-31 00:00:00,-640000000.0,AMD,2021
Other Non Cash Items,2021-12-31 00:00:00,-2000000.0,AMD,2021
Stock Based Compensation,2021-12-31 00:00:00,379000000.0,AMD,2021
Asset Impairment Charge,2021-12-31 00:00:00,,AMD,2021
Deferred Tax,2021-12-31 00:00:00,308000000.0,AMD,2021
Deferred Income Tax,2021-12-31 00:00:00,308000000.0,AMD,2021
Depreciation Amortization Depletion,2021-12-31 00:00:00,463000000.0,AMD,2021
Depreciation And Amortization,2021-12-31 00:00:00,463000000.0,AMD,2021
Amortization Cash Flow,2021-12-31 00:00:00,,AMD,2021
Amortization Of Intangibles,2021-12-31 00:00:00,,AMD,2021
Depreciation,2021-12-31 00:00:00,463000000.0,AMD,2021
Operating Gains Losses,2021-12-31 00:00:00,-15000000.0,AMD,2021
Earnings Losses From Equity Investments,2021-12-31 00:00:00,-56000000.0,AMD,2021
Gain Loss On Investment Securities,2021-12-31 00:00:00,-56000000.0,AMD,2021
Gain Loss On Sale Of PPE,2021-12-31 00:00:00,34000000.0,AMD,2021
Net Income From Continuing Operations,2021-12-31 00:00:00,3162000000.0,AMD,2021
Free Cash Flow,2020-12-31 00:00:00,,AMD,2021
Repurchase Of Capital Stock,2020-12-31 00:00:00,,AMD,2021
Repayment Of Debt,2020-12-31 00:00:00,,AMD,2021
Issuance Of Debt,2020-12-31 00:00:00,,AMD,2021
Capital Expenditure,2020-12-31 00:00:00,,AMD,2021
Interest Paid Supplemental Data,2020-12-31 00:00:00,,AMD,2021
Income Tax Paid Supplemental Data,2020-12-31 00:00:00,,AMD,2021
End Cash Position,2020-12-31 00:00:00,,AMD,2021
Beginning Cash Position,2020-12-31 00:00:00,,AMD,2021
Changes In Cash,2020-12-31 00:00:00,,AMD,2021
Financing Cash Flow,2020-12-31 00:00:00,,AMD,2021
Cash Flow From Continuing Financing Activities,2020-12-31 00:00:00,,AMD,2021
Net Other Financing Charges,2020-12-31 00:00:00,-1000000.0,AMD,2021
Proceeds From Stock Option Exercised,2020-12-31 00:00:00,,AMD,2021
Net Common Stock Issuance,2020-12-31 00:00:00,,AMD,2021
Common Stock Payments,2020-12-31 00:00:00,,AMD,2021
Net Issuance Payments Of Debt,2020-12-31 00:00:00,,AMD,2021
Net Short Term Debt Issuance,2020-12-31 00:00:00,200000000.0,AMD,2021
Short Term Debt Issuance,2020-12-31 00:00:00,200000000.0,AMD,2021
Net Long Term Debt Issuance,2020-12-31 00:00:00,,AMD,2021
Long Term Debt Payments,2020-12-31 00:00:00,,AMD,2021
Long Term Debt Issuance,2020-12-31 00:00:00,,AMD,2021
Investing Cash Flow,2020-12-31 00:00:00,,AMD,2021
Cash Flow From Continuing Investing Activities,2020-12-31 00:00:00,,AMD,2021
Net Other Investing Changes,2020-12-31 00:00:00,,AMD,2021
Net Investment Purchase And Sale,2020-12-31 00:00:00,,AMD,2021
Sale Of Investment,2020-12-31 00:00:00,,AMD,2021
Purchase Of Investment,2020-12-31 00:00:00,,AMD,2021
Net Business Purchase And Sale,2020-12-31 00:00:00,,AMD,2021
Sale Of Business,2020-12-31 00:00:00,,AMD,2021
Purchase Of Business,2020-12-31 00:00:00,,AMD,2021
Net PPE Purchase And Sale,2020-12-31 00:00:00,,AMD,2021
Purchase Of PPE,2020-12-31 00:00:00,,AMD,2021
Operating Cash Flow,2020-12-31 00:00:00,,AMD,2021
Cash Flow From Continuing Operating Activities,2020-12-31 00:00:00,,AMD,2021
Change In Working Capital,2020-12-31 00:00:00,,AMD,2021
Change In Other Working Capital,2020-12-31 00:00:00,,AMD,2021
Change In Payables And Accrued Expense,2020-12-31 00:00:00,,AMD,2021
Change In Accrued Expense,2020-12-31 00:00:00,,AMD,2021
Change In Payable,2020-12-31 00:00:00,,AMD,2021
Change In Account Payable,2020-12-31 00:00:00,,AMD,2021
Change In Prepaid Assets,2020-12-31 00:00:00,,AMD,2021
Change In Inventory,2020-12-31 00:00:00,,AMD,2021
Change In Receivables,2020-12-31 00:00:00,,AMD,2021
Changes In Account Receivables,2020-12-31 00:00:00,,AMD,2021
Other Non Cash Items,2020-12-31 00:00:00,,AMD,2021
Stock Based Compensation,2020-12-31 00:00:00,,AMD,2021
Asset Impairment Charge,2020-12-31 00:00:00,0.0,AMD,2021
Deferred Tax,2020-12-31 00:00:00,,AMD,2021
Deferred Income Tax,2020-12-31 00:00:00,,AMD,2021
Depreciation Amortization Depletion,2020-12-31 00:00:00,,AMD,2021
Depreciation And Amortization,2020-12-31 00:00:00,,AMD,2021
Amortization Cash Flow,2020-12-31 00:00:00,,AMD,2021
Amortization Of Intangibles,2020-12-31 00:00:00,,AMD,2021
Depreciation,2020-12-31 00:00:00,,AMD,2021
Operating Gains Losses,2020-12-31 00:00:00,85000000.0,AMD,2021
Earnings Losses From Equity Investments,2020-12-31 00:00:00,-2000000.0,AMD,2021
Gain Loss On Investment Securities,2020-12-31 00:00:00,-2000000.0,AMD,2021
Gain Loss On Sale Of PPE,2020-12-31 00:00:00,33000000.0,AMD,2021
Net Income From Continuing Operations,2020-12-31 00:00:00,,AMD,2021
Free Cash Flow,__statement__,cashflow,AMD,2021
Repurchase Of Capital Stock,__statement__,cashflow,AMD,2021
Repayment Of Debt,__statement__,cashflow,AMD,2021
Issuance Of Debt,__statement__,cashflow,AMD,2021
Capital Expenditure,__statement__,cashflow,AMD,2021
Interest Paid Supplemental Data,__statement__,cashflow,AMD,2021
Income Tax Paid Supplemental Data,__statement__,cashflow,AMD,2021
End Cash Position,__statement__,cashflow,AMD,2021
Beginning Cash Position,__statement__,cashflow,AMD,2021
Changes In Cash,__statement__,cashflow,AMD,2021
Financing Cash Flow,__statement__,cashflow,AMD,2021
Cash Flow From Continuing Financing Activities,__statement__,cashflow,AMD,2021
Net Other Financing Charges,__statement__,cashflow,AMD,2021
Proceeds From Stock Option Exercised,__statement__,cashflow,AMD,2021
Net Common Stock Issuance,__statement__,cashflow,AMD,2021
Common Stock Payments,__statement__,cashflow,AMD,2021
Net Issuance Payments Of Debt,__statement__,cashflow,AMD,2021
Net Short Term Debt Issuance,__statement__,cashflow,AMD,2021
Short Term Debt Issuance,__statement__,cashflow,AMD,2021
Net Long Term Debt Issuance,__statement__,cashflow,AMD,2021
Long Term Debt Payments,__statement__,cashflow,AMD,2021
Long Term Debt Issuance,__statement__,cashflow,AMD,2021
Investing Cash Flow,__statement__,cashflow,AMD,2021
Cash Flow From Continuing Investing Activities,__statement__,cashflow,AMD,2021
Net Other Investing Changes,__statement__,cashflow,AMD,2021
Net Investment Purchase And Sale,__statement__,cashflow,AMD,2021
Sale Of Investment,__statement__,cashflow,AMD,2021
Purchase Of Investment,__statement__,cashflow,AMD,2021
Net Business Purchase And Sale,__statement__,cashflow,AMD,2021
Sale Of Business,__statement__,cashflow,AMD,2021
Purchase Of Business,__statement__,cashflow,AMD,2021
Net PPE Purchase And Sale,__statement__,cashflow,AMD,2021
Purchase Of PPE,__statement__,cashflow,AMD,2021
Operating Cash Flow,__statement__,cashflow,AMD,2021
Cash Flow From Continuing Operating Activities,__statement__,cashflow,AMD,2021
Change In Working Capital,__statement__,cashflow,AMD,2021
Change In Other Working Capital,__statement__,cashflow,AMD,2021
Change In Payables And Accrued Expense,__statement__,cashflow,AMD,2021
Change In Accrued Expense,__statement__,cashflow,AMD,2021
Change In Payable,__statement__,cashflow,AMD,2021
Change In Account Payable,__statement__,cashflow,AMD,2021
Change In Prepaid Assets,__statement__,cashflow,AMD,2021
Change In Inventory,__statement__,cashflow,AMD,2021
Change In Receivables,__statement__,cashflow,AMD,2021
Changes In Account Receivables,__statement__,cashflow,AMD,2021
Other Non Cash Items,__statement__,cashflow,AMD,2021
Stock Based Compensation,__statement__,cashflow,AMD,2021
Asset Impairment Charge,__statement__,cashflow,AMD,2021
Deferred Tax,__statement__,cashflow,AMD,2021
Deferred Income Tax,__statement__,cashflow,AMD,2021
Depreciation Amortization Depletion,__statement__,cashflow,AMD,2021
Depreciation And Amortization,__statement__,cashflow,AMD,2021
Amortization Cash Flow,__statement__,cashflow,AMD,2021
Amortization Of Intangibles,__statement__,cashflow,AMD,2021
Depreciation,__statement__,cashflow,AMD,2021
Operating Gains Losses,__statement__,cashflow,AMD,2021
Earnings Losses From Equity Investments,__statement__,cashflow,AMD,2021
Gain Loss On Investment Securities,__statement__,cashflow,AMD,2021
Gain Loss On Sale Of PPE,__statement__,cashflow,AMD,2021
Net Income From Continuing Operations,__statement__,cashflow,AMD,2021
